student_id,attendance,exam1,exam2,exam3,exam4,performance_trend,study_hours_per_week,sleep_hours_per_night,avg_assignment_delay_days,engagement_score,actual_risk,avg_exam_score,exam_volatility
STU0001,82.9,74.4,81.6,81.4,85.0,stable,15.4,6.7,0.2,7.5,Low,80.6,4.451217062032957
STU0002,59.1,53.1,53.7,52.2,52.4,stable,5.0,6.6,0.7,8.2,High,52.85,0.6855654600401052
STU0003,86.7,66.6,74.3,71.0,66.4,stable,11.8,7.3,0.7,8.6,Low,69.57499999999999,3.798574293951174
STU0004,88.1,51.0,59.9,61.2,49.7,declining,7.3,8.7,0.4,5.9,Medium,55.45,5.936609582357032
STU0005,58.6,83.3,86.9,88.9,90.2,improving,18.3,6.6,0.1,7.7,Low,87.325,3.007074990750982
STU0006,77.8,81.8,86.7,74.3,80.9,declining,22.4,5.9,1.2,6.8,Low,80.92500000000001,5.09926465286908
STU0007,100.0,95.5,74.0,76.6,78.3,stable,8.6,9.1,0.7,6.6,Low,81.1,9.761488957462724
STU0008,100.0,78.0,81.5,82.4,89.1,improving,29.3,7.9,0.2,7.6,Low,82.75,4.639324663497189
STU0009,99.5,74.4,79.3,74.7,74.1,stable,30.2,7.1,2.0,7.0,Low,75.625,2.4622144504490246
STU0010,63.8,72.6,78.9,77.8,81.7,improving,5.0,6.1,3.6,9.8,Medium,77.75,3.805697483160395
STU0011,84.6,58.3,57.6,58.5,63.8,improving,23.8,7.1,0.3,6.9,Low,59.55,2.859487133502555
STU0012,100.0,69.1,63.3,76.2,78.3,improving,31.1,6.2,1.8,7.2,Low,71.725,6.858753531072539
STU0013,76.5,75.6,73.5,71.1,71.3,improving,25.2,5.7,0.2,5.2,Low,72.875,2.1171915359740128
STU0014,73.3,88.9,88.7,93.3,95.7,stable,24.2,9.5,0.3,10.0,Low,91.65,3.434627587769401
STU0015,96.7,82.1,69.3,74.7,75.7,declining,21.8,8.8,0.0,7.6,Low,75.44999999999999,5.249444415046859
STU0016,100.0,70.2,71.5,63.1,64.1,stable,11.0,8.7,1.9,9.5,Low,67.225,4.239005386487104
STU0017,100.0,78.4,83.4,93.6,90.0,improving,29.7,8.3,0.7,6.5,Low,86.35,6.777167549942964
STU0018,94.4,99.9,100.0,100.0,100.0,improving,25.9,6.8,0.5,8.6,Low,99.975,0.04999999999999716
STU0019,97.8,76.1,75.0,79.7,87.3,improving,21.8,6.3,4.6,7.1,Low,79.525,5.558402048550764
STU0020,90.4,66.4,58.8,70.5,68.1,stable,15.2,8.0,2.4,7.5,Low,65.94999999999999,5.054700782440046
STU0021,100.0,86.8,85.1,81.3,81.0,stable,10.8,5.2,0.1,6.0,Medium,83.55,2.859487133502555
STU0022,100.0,68.5,77.7,82.2,79.4,improving,17.3,9.8,0.2,7.3,Low,76.94999999999999,5.930992047429054
STU0023,88.2,81.6,80.9,80.5,79.8,improving,20.1,8.2,0.4,5.7,Low,80.7,0.7527726527090803
STU0024,73.1,85.0,83.7,97.8,89.9,improving,17.5,8.0,1.3,3.8,Medium,89.1,6.384877968032486
STU0025,98.8,64.3,70.6,55.8,71.6,stable,14.2,5.6,1.4,7.9,Medium,65.57499999999999,7.273868755116953
STU0026,71.1,80.4,72.3,76.2,64.8,declining,9.6,9.8,0.0,9.6,Low,73.425,6.633438022624471
STU0027,63.5,89.4,90.0,82.4,81.7,declining,25.2,7.7,0.9,10.0,Low,85.875,4.432738055273135
STU0028,100.0,52.9,64.8,62.1,60.2,stable,21.7,8.8,0.0,6.1,Low,60.0,5.095749863039459
STU0029,97.7,75.9,80.4,76.9,80.0,improving,15.0,8.8,0.2,8.5,Low,78.30000000000001,2.237558192911787
STU0030,84.7,79.7,73.8,80.9,80.9,declining,16.5,6.9,2.3,7.5,Low,78.825,3.3974254958718415
STU0031,85.3,84.9,88.3,80.7,77.0,declining,35.3,9.1,0.6,5.0,Low,82.725,4.922313141874119
STU0032,100.0,66.8,59.4,62.8,52.4,stable,34.2,7.0,0.1,8.6,Medium,60.35,6.102185400876202
STU0033,76.5,77.0,80.1,81.9,83.5,stable,29.2,6.8,2.9,5.6,Low,80.625,2.787322490611137
STU0034,89.7,78.2,67.4,66.8,61.5,declining,19.6,9.4,0.9,8.5,Low,68.47500000000001,7.004462863060952
STU0035,91.0,74.2,80.2,80.3,86.8,improving,23.8,7.6,0.7,9.9,Low,80.375,5.146115039522531
STU0036,100.0,78.8,80.0,83.5,69.3,declining,26.3,7.3,0.4,4.3,Low,77.9,6.070145522692737
STU0037,87.3,57.8,69.2,70.3,72.3,stable,25.9,9.7,0.5,9.4,Low,67.4,6.527378238363905
STU0038,59.3,77.1,71.7,71.7,58.0,stable,12.8,7.3,2.0,6.9,High,69.625,8.157358641128878
STU0039,85.7,73.5,67.1,68.2,77.7,stable,28.5,9.8,0.4,7.7,Low,71.625,4.920281157278178
STU0040,100.0,66.1,64.4,67.3,64.6,declining,21.3,6.0,0.0,6.5,Low,65.6,1.3638181696985834
STU0041,100.0,79.3,79.7,72.8,88.7,stable,27.1,7.3,0.4,10.0,Low,80.125,6.533184522114773
STU0042,100.0,68.8,75.7,79.7,74.3,stable,6.7,7.5,0.4,7.8,Low,74.625,4.507308879290764
STU0043,95.0,58.4,68.4,71.7,68.5,improving,36.4,7.0,0.2,5.9,Low,66.75,5.7737913598143376
STU0044,83.4,63.9,71.4,61.7,74.6,improving,20.3,8.3,0.1,9.4,Low,67.9,6.098633726773015
STU0045,81.7,70.2,76.8,71.1,67.7,stable,39.0,7.0,0.5,10.0,Low,71.45,3.84577690460588
STU0046,93.6,72.1,63.6,66.9,72.1,declining,5.0,6.3,0.5,5.2,Low,68.675,4.178017871351593
STU0047,68.8,71.6,77.1,79.8,79.8,improving,13.0,7.5,0.8,10.0,Medium,77.075,3.865553000542097
STU0048,69.4,81.4,91.4,79.8,78.8,improving,27.5,7.5,0.3,7.3,Low,82.85000000000001,5.799712636559393
STU0049,77.7,66.4,69.8,62.0,79.9,improving,23.1,7.4,2.0,5.8,Low,69.525,7.618125316200394
STU0050,92.5,77.7,92.8,90.7,87.2,stable,13.9,6.7,0.6,5.0,Low,87.1,6.678822251465197
STU0051,85.7,53.1,66.7,59.0,68.1,improving,40.0,5.1,0.1,5.3,Low,61.725,7.00493873396953
STU0052,100.0,70.3,80.7,81.0,75.5,improving,39.5,4.8,2.7,4.9,Low,76.875,5.058573580236497
STU0053,75.9,81.2,86.6,78.1,79.3,stable,15.2,8.4,0.2,7.8,Low,81.3,3.756771663720505
STU0054,89.3,79.2,65.4,69.5,61.5,declining,30.4,6.5,0.4,2.5,Medium,68.9,7.603946343840152
STU0055,100.0,76.0,83.3,85.6,83.7,improving,12.9,7.9,2.8,4.0,Low,82.15,4.220979349234802
STU0056,90.1,84.4,91.3,86.8,84.0,stable,23.2,5.9,1.4,5.4,Low,86.625,3.3529837458597953
STU0057,77.8,74.0,79.9,82.2,73.5,stable,16.6,6.7,1.3,8.7,Low,77.4,4.322807729551094
STU0058,91.2,99.9,87.3,92.0,97.4,improving,26.7,6.2,2.9,2.4,Medium,94.15,5.632347053700916
STU0059,68.1,74.8,74.0,80.7,72.8,declining,21.7,8.2,0.2,10.0,Low,75.575,3.5141381114957166
STU0060,100.0,85.9,88.0,92.4,100.0,stable,24.2,6.6,0.4,6.7,Low,91.575,6.235583372868972
STU0061,60.2,61.7,64.0,65.2,52.8,declining,8.0,7.1,0.6,6.5,High,60.925,5.607955658407678
STU0062,44.5,72.0,77.7,63.0,67.2,stable,24.1,6.3,5.8,6.7,Medium,69.975,6.327914348345749
STU0063,85.9,98.8,100.0,100.0,100.0,improving,40.0,5.8,0.1,6.5,Low,99.7,0.6000000000000014
STU0064,45.2,93.5,80.2,85.1,83.5,declining,18.0,7.3,0.3,8.1,Low,85.57499999999999,5.6635530661708575
STU0065,100.0,68.3,64.0,69.4,72.0,improving,14.4,6.4,1.1,6.0,Low,68.42500000000001,3.333041653905134
STU0066,66.7,85.5,88.0,81.2,89.1,improving,22.0,10.0,0.2,5.0,Low,85.94999999999999,3.5066603295253227
STU0067,80.4,74.6,93.8,80.7,84.8,improving,30.5,4.9,0.3,4.4,Low,83.475,8.058690960695788
STU0068,53.8,100.0,100.0,98.4,98.9,improving,30.8,10.7,0.3,8.3,Medium,99.32499999999999,0.8057087976847849
STU0069,82.2,70.3,77.2,68.6,79.5,stable,36.0,8.6,1.8,7.5,Low,73.9,5.26940856896357
STU0070,100.0,91.9,88.0,94.9,94.7,improving,5.0,7.0,0.9,7.4,Low,92.375,3.2221886971436065
STU0071,63.9,77.6,68.5,77.8,68.1,improving,36.7,7.0,2.8,5.3,Low,73.0,5.430162674051917
STU0072,76.4,80.6,69.6,80.9,72.2,declining,21.9,7.8,0.7,6.3,Low,75.825,5.786406484166146
STU0073,100.0,73.2,75.4,69.3,81.4,improving,5.9,9.2,0.1,6.9,Low,74.82500000000002,5.057255513945619
STU0074,87.7,74.5,85.3,84.3,87.6,stable,28.5,6.8,0.7,8.3,Low,82.92500000000001,5.784101774116126
STU0075,88.1,85.4,84.0,87.5,86.2,improving,29.0,7.4,1.9,8.9,Low,85.77499999999999,1.4660036380127663
STU0076,86.4,69.5,68.6,82.2,76.5,improving,21.1,8.1,1.6,3.1,Medium,74.2,6.396353127629319
STU0077,62.7,78.6,88.2,88.9,85.6,stable,29.8,6.5,0.5,10.0,Low,85.325,4.702747423935649
STU0078,78.3,76.6,63.0,69.3,61.9,declining,13.6,6.0,0.3,4.9,Medium,67.69999999999999,6.770032003863299
STU0079,88.5,67.3,74.1,67.8,62.5,declining,38.5,6.5,0.2,7.3,Low,67.925,4.75981442215275
STU0080,89.3,94.2,81.3,82.9,90.7,improving,15.0,6.8,3.5,6.7,Low,87.27499999999999,6.17865950941896
STU0081,76.4,90.9,87.3,85.7,85.7,stable,38.9,8.9,0.9,5.8,Low,87.39999999999999,2.4522098876999374
STU0082,89.3,72.8,66.9,71.6,62.4,stable,9.9,8.8,0.7,5.1,Low,68.425,4.755610721383039
STU0083,88.4,52.4,65.5,75.9,71.5,stable,30.6,5.8,0.8,8.2,Low,66.325,10.215143986585147
STU0084,93.9,77.0,73.4,75.0,73.9,stable,26.9,9.0,1.4,10.0,Low,74.825,1.5966109941581441
STU0085,87.2,67.9,71.8,69.4,67.3,declining,18.2,7.5,0.3,7.4,Low,69.1,2.004993765576341
STU0086,64.6,79.2,82.9,76.5,76.8,stable,16.8,8.3,0.4,7.1,Low,78.85000000000001,2.958039891549811
STU0087,87.8,84.0,87.1,86.1,87.1,improving,17.1,7.8,0.9,9.4,Low,86.07499999999999,1.4614490525958561
STU0088,76.6,61.7,59.1,49.6,63.4,stable,28.6,4.9,5.9,6.2,Medium,58.45,6.159274849092761
STU0089,52.0,65.8,69.5,72.1,75.1,improving,18.2,5.8,2.9,10.0,Medium,70.625,3.947467542615137
STU0090,62.1,60.8,68.8,63.3,60.7,stable,14.6,7.6,0.5,6.5,Medium,63.39999999999999,3.795611501018862
STU0091,100.0,75.5,73.0,77.7,77.8,stable,23.7,8.4,1.0,7.4,Low,76.0,2.2642143596988924
STU0092,83.7,91.3,88.0,84.3,83.3,improving,17.5,6.4,0.9,7.0,Low,86.72500000000001,3.659121023779709
STU0093,75.2,80.0,79.3,76.5,72.0,declining,39.8,6.8,0.3,8.6,Low,76.95,3.629967860280124
STU0094,70.5,81.0,95.3,85.1,89.9,improving,34.3,6.2,0.4,7.1,Low,87.82499999999999,6.169481339626533
STU0095,80.8,67.9,64.1,56.5,54.8,declining,22.2,6.3,1.2,7.1,Medium,60.825,6.212554493389443
STU0096,95.5,70.5,65.6,74.0,69.1,stable,27.6,7.2,1.0,9.6,Low,69.8,3.4765883660086487
STU0097,88.0,89.2,93.7,100.0,100.0,improving,40.0,7.4,1.3,7.1,Low,95.725,5.26711495982383
STU0098,94.2,73.1,85.7,81.6,88.9,improving,27.0,4.7,0.5,5.2,Low,82.325,6.837336225948432
STU0099,100.0,74.7,82.1,63.1,66.4,declining,26.4,7.8,0.2,10.0,Low,71.575,8.54688052254544
STU0100,75.6,90.8,90.4,87.3,80.5,stable,19.6,7.3,0.7,9.1,Low,87.25,4.764101874085679
STU0101,58.9,90.4,90.1,96.5,88.3,improving,28.9,6.4,0.1,6.9,Low,91.325,3.5724641355792515
STU0102,86.2,71.4,74.5,79.9,75.0,declining,8.9,6.2,0.2,8.0,Low,75.2,3.5147309048251953
STU0103,100.0,73.6,78.3,70.3,73.7,stable,17.4,6.7,0.1,8.5,Low,73.975,3.2877297131404624
STU0104,96.0,73.1,68.6,69.6,68.2,declining,23.6,7.3,0.7,9.2,Low,69.875,2.2291627725822662
STU0105,82.9,93.2,100.0,100.0,100.0,improving,28.6,7.3,0.2,8.7,Low,98.3,3.399999999999998
STU0106,87.3,79.8,80.8,75.5,69.7,declining,20.5,7.8,1.1,7.9,Low,76.45,5.053381706012978
STU0107,67.9,75.5,78.9,80.4,72.1,declining,22.7,9.7,1.3,6.5,Low,76.725,3.7025891841610927
STU0108,100.0,78.5,88.2,87.8,91.1,stable,17.9,7.7,0.0,4.9,Low,86.4,5.468089245796925
STU0109,63.4,57.6,67.8,50.3,54.5,declining,9.7,6.6,0.1,10.0,High,57.55,7.459445913292309
STU0110,74.7,94.4,81.4,84.7,74.8,declining,19.8,5.8,0.5,3.9,Medium,83.825,8.163485775084075
STU0111,100.0,88.6,88.1,84.0,87.2,stable,18.5,8.3,0.1,3.6,Medium,86.975,2.0661961830055384
STU0112,70.2,68.5,64.5,76.0,81.6,stable,26.2,6.6,0.1,3.8,Medium,72.65,7.636971476530032
STU0113,70.5,91.7,85.6,87.3,83.8,improving,31.2,7.4,0.8,7.3,Low,87.10000000000001,3.3832922821811726
STU0114,86.8,73.4,69.3,72.7,73.2,stable,9.6,9.2,2.3,6.4,Low,72.14999999999999,1.9226717521893018
STU0115,74.6,66.6,59.8,71.7,58.4,stable,21.9,6.3,0.6,4.6,Medium,64.125,6.191055375835908
STU0116,94.5,82.2,88.2,92.2,78.4,improving,22.1,9.7,0.7,3.6,Medium,85.25,6.14356031412839
STU0117,100.0,69.8,68.5,62.5,56.3,declining,7.0,8.3,0.1,5.8,Medium,64.275,6.194823107509475
STU0118,75.3,60.7,65.1,71.0,69.7,improving,25.6,9.0,1.1,7.2,Low,66.625,4.691392828006057
STU0119,90.6,56.5,60.8,47.8,55.7,declining,20.8,6.5,3.2,8.1,Medium,55.2,5.417871660840015
STU0120,87.5,60.7,77.7,70.3,80.4,improving,10.3,6.7,0.2,4.2,Low,72.275,8.819060796555002
STU0121,87.1,81.4,84.3,78.5,80.9,declining,24.0,8.4,1.2,5.4,Low,81.275,2.3810011899759016
STU0122,57.5,62.2,68.5,50.0,57.9,declining,20.3,7.9,1.9,7.0,Medium,59.65,7.7676680327281415
STU0123,83.5,76.7,74.8,67.3,66.6,declining,10.5,7.0,1.2,7.1,Low,71.35,5.14749129835755
STU0124,100.0,79.3,91.2,79.4,79.7,improving,24.2,4.0,0.2,7.1,Low,82.4,5.869128271444294
STU0125,82.2,73.4,73.2,65.9,73.7,improving,5.0,7.9,0.1,4.6,Low,71.55000000000001,3.7722672227720024
STU0126,100.0,89.1,81.6,86.7,86.2,improving,16.7,6.9,0.1,5.6,Low,85.89999999999999,3.133687923198481
STU0127,87.6,61.4,71.7,67.6,74.6,declining,11.6,7.2,2.2,4.3,Low,68.82499999999999,5.7226887619952445
STU0128,67.4,63.7,77.1,76.6,72.6,stable,18.6,6.9,0.3,7.0,Low,72.5,6.202687589531919
STU0129,90.9,62.6,65.4,53.7,71.8,declining,10.5,7.4,0.4,6.7,Low,63.375,7.511934948245135
STU0130,64.4,82.0,89.5,87.2,89.8,declining,11.0,5.1,1.8,6.2,Medium,87.125,3.6086701151532257
STU0131,75.9,98.0,100.0,93.4,97.4,stable,10.5,7.6,1.3,10.0,Low,97.19999999999999,2.766465856166188
STU0132,79.5,79.3,76.4,88.9,79.5,improving,9.4,8.5,0.2,9.3,Low,81.025,5.437753825493269
STU0133,95.8,91.9,97.4,86.6,92.3,improving,22.2,6.1,1.5,7.9,Low,92.05,4.4124822945820465
STU0134,75.3,100.0,100.0,100.0,100.0,stable,24.7,6.2,0.4,7.7,Low,100.0,0.0
STU0135,55.5,65.4,61.3,56.1,54.9,declining,21.7,7.3,1.0,8.7,Medium,59.425000000000004,4.856181627575314
STU0136,82.5,70.6,75.2,68.5,73.6,stable,25.9,5.9,0.8,8.0,Low,71.975,3.0004166377355004
STU0137,75.2,79.1,71.5,81.5,82.6,stable,38.4,9.1,0.7,8.1,Low,78.675,5.001583082718243
STU0138,96.3,59.3,54.3,59.8,56.1,stable,19.8,8.7,4.8,5.1,Medium,57.37499999999999,2.6247222075234293
STU0139,72.2,74.2,65.9,76.5,80.1,stable,15.9,5.8,1.5,6.7,Low,74.17500000000001,6.027368137642384
STU0140,73.2,78.4,67.9,69.6,72.9,stable,13.4,6.3,1.3,2.8,Medium,72.2,4.6252927835255315
STU0141,99.0,83.7,69.5,77.1,66.4,declining,21.4,6.2,0.7,5.9,Low,74.175,7.780049271480653
STU0142,100.0,84.9,81.0,75.6,65.7,declining,26.6,7.5,0.1,9.6,Low,76.8,8.324662155306966
STU0143,78.2,78.0,76.7,59.4,77.3,stable,16.5,6.2,0.6,6.8,Low,72.85,8.982390179308252
STU0144,100.0,76.9,74.7,76.7,83.1,stable,11.4,7.0,0.5,7.5,Low,77.85,3.6382230094740806
STU0145,100.0,63.0,69.0,58.2,57.4,declining,15.8,8.7,0.7,7.6,Medium,61.9,5.340411969127475
STU0146,78.0,65.6,71.7,75.5,72.6,stable,31.1,5.8,0.1,6.9,Low,71.35,4.162130864513195
STU0147,100.0,77.2,74.6,70.5,61.2,declining,23.2,6.6,1.1,6.8,Low,70.875,7.01492456599974
STU0148,71.8,68.8,68.8,68.3,71.4,stable,32.5,6.7,0.1,7.0,Low,69.32499999999999,1.403269990652789
STU0149,98.3,50.0,47.2,48.3,43.2,declining,19.1,6.6,0.3,8.6,Medium,47.175,2.8894924583162793
STU0150,89.4,53.7,58.9,58.2,50.4,declining,17.5,6.9,0.3,5.9,Medium,55.300000000000004,3.9974992182613374
STU0151,100.0,73.5,73.8,72.9,78.1,declining,19.3,6.3,0.7,7.9,Low,74.575,2.379600806858155
STU0152,49.6,79.0,80.5,84.4,91.0,stable,20.5,6.5,1.5,6.9,Low,83.725,5.357471418495856
STU0153,73.0,76.4,68.7,67.3,77.0,improving,17.1,8.3,0.6,8.8,Low,72.35000000000001,5.0612910079017075
STU0154,82.3,92.2,83.4,82.7,88.8,improving,15.5,4.8,1.6,7.4,Low,86.775,4.528704744920633
STU0155,100.0,97.6,92.8,87.6,94.3,stable,27.9,8.5,0.4,6.3,Low,93.075,4.1644327344789716
STU0156,70.7,71.1,63.3,66.0,63.9,declining,21.9,8.3,0.5,7.0,Low,66.07499999999999,3.544361719689454
STU0157,91.4,58.4,63.1,64.5,63.0,stable,34.3,7.8,2.2,7.4,Low,62.25,2.656438718786238
STU0158,90.1,70.0,80.5,73.2,70.0,stable,5.0,7.3,0.4,9.6,Low,73.425,4.952019789944301
STU0159,84.7,88.7,79.8,79.1,77.9,declining,14.7,4.5,1.4,9.4,Medium,81.375,4.945957945636014
STU0160,100.0,86.1,86.4,84.9,84.1,declining,13.7,9.3,0.1,4.8,Low,85.375,1.0688779163215996
STU0161,81.1,77.3,85.7,90.7,90.9,improving,5.0,7.7,0.2,8.0,Low,86.15,6.371551354785325
STU0162,90.3,79.2,70.7,81.0,78.2,stable,25.2,6.1,0.6,7.3,Low,77.275,4.533854136750909
STU0163,83.2,85.3,81.8,79.1,73.4,declining,18.2,8.1,2.0,8.0,Low,79.9,5.0219518117958835
STU0164,96.1,77.5,80.8,75.8,83.7,improving,16.9,8.0,0.8,5.7,Low,79.45,3.5123591312203084
STU0165,79.8,65.3,75.3,70.7,84.7,improving,28.4,6.2,0.0,8.9,Low,74.0,8.22111103602589
STU0166,83.4,91.3,92.5,89.8,88.4,stable,20.3,8.0,0.1,9.3,Low,90.5,1.7832554500126983
STU0167,92.5,88.0,98.2,75.7,81.3,stable,31.8,7.0,0.9,6.7,Low,85.8,9.67574286553751
STU0168,100.0,89.1,75.5,82.4,71.7,declining,20.2,7.1,1.1,2.2,Medium,79.675,7.687381435400047
STU0169,93.3,87.7,76.8,75.7,75.3,stable,16.5,4.2,0.0,6.1,Low,78.875,5.917417792697534
STU0170,63.9,67.7,63.6,64.7,67.1,stable,20.1,9.1,0.8,5.8,Low,65.775,1.9448650338776712
STU0171,86.7,52.4,55.3,51.8,57.6,stable,20.8,4.3,2.1,10.0,Medium,54.275,2.6924276530051228
STU0172,74.4,64.8,74.6,67.5,70.3,declining,32.3,8.9,3.1,5.9,Low,69.3,4.186486195685667
STU0173,87.2,72.9,71.1,72.6,79.9,improving,13.3,4.2,0.5,6.6,Medium,74.125,3.929694644625716
STU0174,83.0,67.5,71.7,70.3,79.3,improving,29.3,9.3,0.0,3.5,Medium,72.2,5.04512966467001
STU0175,88.5,84.0,85.3,82.4,78.4,stable,6.4,6.5,0.7,5.9,Low,82.525,2.9948567021923846
STU0176,87.4,68.8,76.2,76.4,70.3,declining,26.8,10.3,0.3,5.5,Low,72.925,3.9457783347099844
STU0177,74.9,85.6,83.4,69.9,73.5,declining,5.3,9.3,0.9,9.1,Low,78.1,7.588148654316147
STU0178,68.6,82.2,77.4,78.1,78.5,declining,18.7,5.4,0.1,9.4,Medium,79.05000000000001,2.1486429825977766
STU0179,72.9,50.0,64.5,67.6,55.9,stable,19.6,5.8,0.0,8.1,Medium,59.5,8.037827235432884
STU0180,78.5,76.5,73.6,79.3,74.0,improving,17.2,7.4,2.2,7.5,Low,75.85,2.633755240463067
STU0181,90.5,79.0,79.3,89.4,76.5,stable,21.5,5.7,0.8,8.3,Low,81.05000000000001,5.706429122781897
STU0182,58.0,79.3,77.7,81.7,88.3,improving,24.0,8.9,0.1,3.4,Medium,81.75,4.6658332589152804
STU0183,71.2,95.2,96.2,99.5,93.4,declining,16.4,5.6,0.0,10.0,Low,96.07499999999999,2.5604361607611548
STU0184,88.8,60.3,54.2,55.4,48.6,declining,27.0,7.3,4.0,4.7,Medium,54.625,4.8058124529920345
STU0185,84.2,77.0,78.0,83.5,74.6,declining,21.9,4.0,0.7,9.1,Low,78.275,3.7641953544770597
STU0186,84.2,78.7,79.3,84.7,83.1,stable,18.4,7.3,0.7,9.0,Low,81.44999999999999,2.913760456866693
STU0187,87.9,93.3,84.4,92.3,95.1,improving,16.7,6.4,0.4,5.7,Low,91.275,4.727490525285758
STU0188,99.3,88.2,90.2,93.2,93.7,improving,15.2,8.5,1.5,9.4,Low,91.325,2.5940637360455634
STU0189,100.0,76.4,82.4,76.3,78.4,improving,18.5,6.7,0.1,3.2,Medium,78.375,2.852338222114156
STU0190,85.0,73.0,76.2,77.5,76.3,stable,14.3,6.0,0.3,5.5,Low,75.75,1.9261360284258222
STU0191,82.1,73.6,78.6,77.7,75.4,declining,6.8,9.3,1.0,1.0,Medium,76.32499999999999,2.261820800446696
STU0192,100.0,85.0,75.3,86.7,89.1,improving,24.5,7.9,0.7,9.7,Low,84.025,6.054956647243645
STU0193,77.4,71.8,82.8,86.6,82.2,improving,15.0,7.5,0.3,6.3,Low,80.85,6.340084121418789
STU0194,97.4,70.2,71.2,66.7,72.2,declining,16.1,9.0,2.2,5.7,Low,70.075,2.3935677693908453
STU0195,82.9,81.2,89.4,85.4,68.9,declining,24.2,6.3,1.1,7.2,Low,81.225,8.8725700898894
STU0196,75.7,75.4,74.8,77.7,79.0,stable,19.0,4.0,0.6,7.0,Low,76.725,1.9653244007033548
STU0197,66.7,73.7,63.9,61.5,63.9,declining,17.0,10.7,2.1,8.3,Medium,65.75,5.419409561935693
STU0198,61.7,70.4,74.7,74.3,77.7,improving,9.1,9.8,0.2,5.5,Medium,74.275,2.9959695147536674
STU0199,94.0,61.0,68.3,58.1,58.0,declining,18.3,4.0,0.5,10.0,Medium,61.35,4.837699177639441
STU0200,84.7,81.5,92.9,83.9,88.1,stable,14.2,7.7,3.7,10.0,Medium,86.6,5.007993610219566
STU0201,93.9,88.6,82.0,76.9,91.0,improving,27.9,5.5,3.7,7.3,Medium,84.625,6.403319451659424
STU0202,81.7,82.9,71.5,70.5,65.7,declining,13.6,10.0,0.6,6.8,Medium,72.65,7.287203395908019
STU0203,88.5,74.2,72.0,71.9,72.2,stable,22.7,6.0,1.5,4.8,Low,72.575,1.0904891868637059
STU0204,92.5,81.2,67.6,75.7,72.7,declining,18.1,7.1,2.2,3.3,Medium,74.3,5.686826883245176
STU0205,87.3,68.4,75.0,78.0,82.7,improving,20.0,5.1,1.1,6.6,Low,76.025,5.990200330539872
STU0206,82.3,76.3,64.6,65.0,62.4,declining,10.1,8.2,0.3,7.7,Low,67.07499999999999,6.255331059717516
STU0207,91.9,53.4,55.8,53.8,51.2,declining,24.4,6.6,2.4,7.9,Medium,53.55,1.8859126879754158
STU0208,75.4,75.6,66.4,73.3,74.2,declining,29.4,7.8,1.5,4.6,Low,72.375,4.09420321918685
STU0209,85.0,77.0,74.8,81.0,73.5,improving,14.4,5.9,1.9,6.1,Medium,76.575,3.284686692314302
STU0210,78.4,75.3,69.7,73.4,65.9,declining,7.5,5.5,1.4,3.8,High,71.075,4.160428663811777
STU0211,100.0,58.4,48.4,63.2,50.1,stable,14.3,6.6,2.5,7.0,Medium,55.025,6.984924242013415
STU0212,78.9,68.9,57.8,75.4,68.2,stable,40.0,6.3,0.4,8.9,Low,67.575,7.2784499265525895
STU0213,98.8,71.3,55.8,75.2,66.5,stable,15.6,6.0,1.9,1.8,Medium,67.2,8.3916625289629
STU0214,91.6,77.0,78.2,74.7,64.2,declining,23.4,7.7,0.3,9.1,Low,73.52499999999999,6.384029552980885
STU0215,83.8,75.4,61.2,72.3,72.8,improving,11.8,6.4,0.0,8.4,Low,70.42500000000001,6.298346343816499
STU0216,95.0,63.8,54.2,51.5,59.8,declining,24.6,6.8,2.3,4.7,Medium,57.325,5.530144663568936
STU0217,100.0,64.0,66.2,72.0,62.9,declining,23.8,6.6,0.9,8.3,Low,66.27499999999999,4.055757224818402
STU0218,100.0,55.0,60.1,55.2,48.4,stable,21.3,9.1,0.6,9.0,Medium,54.675000000000004,4.802343178074637
STU0219,92.5,75.2,80.7,74.6,80.0,stable,9.6,5.7,3.8,7.9,Medium,77.625,3.1689903754981668
STU0220,91.9,91.2,70.8,82.4,85.1,stable,15.7,6.4,0.0,9.9,Low,82.375,8.549610127563325
STU0221,79.6,60.8,66.4,68.9,60.0,stable,18.1,7.9,1.6,2.7,Medium,64.025,4.3207831080333925
STU0222,77.8,83.7,91.9,96.0,90.7,improving,26.2,9.2,1.8,10.0,Low,90.575,5.114277400897738
STU0223,87.2,64.3,61.8,71.6,55.7,declining,29.7,6.2,0.5,5.9,Medium,63.349999999999994,6.5800202633933145
STU0224,68.3,66.1,64.6,63.2,72.9,improving,29.2,5.7,0.5,8.0,Medium,66.69999999999999,4.299612385630441
STU0225,88.9,70.3,66.5,70.2,79.3,improving,32.1,6.6,1.2,3.3,Medium,71.575,5.445104835231977
STU0226,62.6,64.5,61.0,71.1,78.4,improving,9.7,7.6,0.1,7.8,Medium,68.75,7.676153550661514
STU0227,80.9,75.0,71.8,69.5,66.6,declining,7.4,8.9,0.3,9.0,Low,70.725,3.556566696501934
STU0228,93.3,81.4,90.0,87.3,81.4,improving,33.6,7.6,0.3,6.5,Low,85.025,4.32849088405339
STU0229,84.1,76.8,78.8,70.4,72.0,declining,22.5,7.8,0.6,6.1,Low,74.5,3.951371070063315
STU0230,100.0,65.8,63.0,54.1,60.7,stable,24.5,6.5,0.3,5.3,Low,60.900000000000006,4.989989979949859
STU0231,74.3,82.4,79.3,76.4,76.6,stable,8.8,7.8,1.0,8.7,Low,78.675,2.8135090782390137
STU0232,73.6,82.1,80.6,81.7,67.3,declining,22.3,8.7,1.1,6.5,Low,77.925,7.111668814936009
STU0233,100.0,76.8,67.6,64.6,62.5,stable,24.3,7.8,0.1,5.9,Low,67.875,6.307336997497438
STU0234,79.2,81.4,76.1,77.6,79.6,declining,19.9,7.9,0.5,6.2,Low,78.675,2.3142673426666494
STU0235,97.2,67.1,61.2,69.1,71.3,improving,14.4,8.0,0.3,4.8,Low,67.175,4.336953615922892
STU0236,100.0,71.0,68.0,58.4,55.4,declining,28.0,5.8,0.7,4.3,Medium,63.2,7.477967638335968
STU0237,72.2,63.7,68.8,68.8,68.9,declining,21.4,7.7,1.4,10.0,Low,67.55000000000001,2.5670995305986857
STU0238,92.1,61.1,62.5,73.4,72.3,improving,34.0,7.1,0.4,7.8,Low,67.325,6.420994211698581
STU0239,80.4,63.7,71.8,66.1,61.9,declining,14.1,6.5,3.2,9.0,Medium,65.875,4.308421984903521
STU0240,61.2,84.5,97.3,95.2,87.9,declining,9.6,9.0,1.0,6.5,Medium,91.225,6.027368137642386
STU0241,86.3,63.2,60.9,67.0,60.8,stable,16.2,5.6,2.3,7.1,Low,62.974999999999994,2.9033027170218872
STU0242,80.5,60.3,60.3,56.7,70.7,stable,27.7,5.9,0.0,8.7,Low,62.0,6.043177971895252
STU0243,100.0,79.6,79.5,67.4,76.9,stable,18.1,9.6,0.2,5.4,Low,75.85,5.770326391692815
STU0244,100.0,72.1,73.0,79.1,76.8,stable,20.4,7.8,0.1,5.9,Low,75.25,3.2766853170035506
STU0245,77.6,79.6,79.6,74.7,71.6,declining,18.5,6.6,0.6,8.8,Low,76.375,3.9330861504252175
STU0246,94.8,80.1,85.1,89.3,86.7,declining,23.3,8.6,0.7,8.2,Low,85.3,3.8747042897921062
STU0247,72.1,75.5,81.7,79.9,78.5,stable,22.8,7.8,1.4,10.0,Low,78.9,2.617887188809583
STU0248,87.9,90.4,85.3,79.6,80.8,stable,27.5,6.6,0.3,5.0,Low,84.02499999999999,4.907392382925992
STU0249,63.9,64.4,71.5,72.4,68.9,stable,29.2,6.9,1.1,5.7,Low,69.30000000000001,3.587942771747248
STU0250,68.6,88.0,76.4,89.1,79.5,stable,15.1,6.0,0.9,8.4,Medium,83.25,6.265514078403035
STU0251,66.5,87.0,87.3,78.7,90.7,stable,16.3,7.4,0.3,7.7,Low,85.925,5.100571863363297
STU0252,86.4,56.0,58.7,51.9,49.0,declining,25.2,6.4,0.1,7.3,Medium,53.9,4.299612385630439
STU0253,94.2,82.1,80.0,88.6,79.6,stable,5.5,8.5,1.1,8.2,Low,82.57499999999999,4.163632228395458
STU0254,90.8,91.7,89.1,83.9,88.5,declining,34.0,10.2,0.5,6.0,Low,88.30000000000001,3.245509718570154
STU0255,64.0,79.0,82.8,72.6,80.7,stable,28.9,8.3,1.3,5.8,Low,78.775,4.400284081738362
STU0256,100.0,73.7,79.0,75.4,76.2,stable,9.8,9.2,1.0,9.2,Low,76.075,2.2111460075414877
STU0257,77.7,61.5,69.4,65.6,76.7,stable,27.6,8.2,0.2,10.0,Low,68.3,6.462713568360175
STU0258,91.2,85.9,78.6,98.8,78.0,stable,17.5,5.0,2.5,8.1,Low,85.325,9.674493957480843
STU0259,100.0,86.5,87.8,91.2,85.9,declining,22.7,8.7,0.2,8.3,Low,87.85,2.369950773047125
STU0260,98.4,63.8,68.4,67.3,72.9,stable,19.0,7.2,0.1,6.0,Low,68.1,3.753220839048336
STU0261,73.8,71.6,73.4,70.3,79.8,improving,6.4,6.8,1.6,4.6,Low,73.775,4.212975986955856
STU0262,77.7,64.8,75.4,64.9,70.7,improving,22.7,8.8,0.2,6.2,Low,68.95,5.108489665905833
STU0263,72.3,79.4,72.1,69.9,61.4,declining,10.7,7.5,1.0,6.8,Low,70.7,7.411252705627215
STU0264,83.8,51.1,47.3,39.6,51.9,declining,33.1,9.2,2.0,8.4,Medium,47.475,5.620424064665109
STU0265,56.1,73.0,76.4,87.5,78.6,stable,5.0,5.3,1.8,8.9,Medium,78.875,6.1942850004392485
STU0266,59.4,64.7,64.9,67.1,64.6,declining,10.0,7.0,1.0,10.0,Medium,65.325,1.189887949906766
STU0267,62.3,71.5,76.0,65.5,71.4,declining,12.7,6.4,0.2,5.9,Medium,71.1,4.305810028322197
STU0268,68.4,82.4,76.7,83.3,75.9,declining,13.2,8.1,0.2,7.9,Medium,79.57500000000002,3.8134629931336668
STU0269,95.2,64.2,70.7,71.5,73.9,improving,30.8,8.5,0.2,2.8,Medium,70.075,4.145981990634628
STU0270,84.5,64.6,65.9,65.5,68.8,stable,27.1,9.9,0.2,6.6,Low,66.2,1.8165902124584947
STU0271,77.5,51.4,41.7,38.5,34.0,declining,39.3,7.8,2.4,8.0,Medium,41.4,7.376991256603196
STU0272,53.7,100.0,100.0,100.0,100.0,stable,12.9,6.3,0.5,5.9,Medium,100.0,0.0
STU0273,100.0,72.1,68.3,74.3,64.9,stable,25.9,7.7,0.5,7.2,Low,69.9,4.153713198252054
STU0274,74.2,89.7,86.5,82.9,83.4,declining,8.3,5.7,1.9,9.3,Medium,85.625,3.1489416211376993
STU0275,99.3,73.1,75.3,66.7,67.7,improving,19.1,6.3,0.3,9.0,Low,70.69999999999999,4.1601282031527145
STU0276,94.6,71.4,68.9,77.8,78.1,improving,23.9,5.0,0.6,7.0,Low,74.05000000000001,4.61916298334088
STU0277,96.7,91.4,87.9,89.9,90.6,stable,25.1,5.8,0.5,8.9,Low,89.95000000000002,1.497776129244063
STU0278,100.0,69.1,74.1,76.2,76.5,improving,5.0,7.8,0.3,10.0,Low,73.975,3.420891696619468
STU0279,84.0,47.8,50.7,50.5,42.8,declining,17.8,8.6,1.3,8.1,Medium,47.95,3.6792209320271434
STU0280,89.0,83.4,75.9,81.3,79.3,stable,24.1,7.8,0.6,5.2,Low,79.97500000000001,3.19100297712177
STU0281,94.0,94.3,100.0,87.4,100.0,improving,19.5,8.2,0.4,6.2,Low,95.42500000000001,5.986860613042529
STU0282,93.3,89.2,88.5,100.0,100.0,improving,23.5,4.3,0.5,6.3,Low,94.425,6.443795465407013
STU0283,100.0,70.8,68.9,81.3,76.8,improving,15.6,5.5,1.7,6.2,Low,74.45,5.673623181001711
STU0284,57.0,84.6,88.2,96.3,86.4,stable,15.9,5.8,1.1,6.4,Medium,88.875,5.163574343417551
STU0285,91.7,74.9,72.1,76.9,71.1,stable,21.4,8.2,0.1,8.4,Low,73.75,2.645121295265436
STU0286,100.0,52.8,46.7,61.4,52.2,stable,17.7,5.9,1.1,3.4,High,53.275000000000006,6.072547515938703
STU0287,88.1,65.6,63.7,57.4,60.0,declining,21.2,9.0,0.3,10.0,Medium,61.675000000000004,3.678201553295667
STU0288,88.4,78.6,82.5,72.4,85.1,stable,22.8,9.9,1.7,6.0,Low,79.65,5.52237871452752
STU0289,81.3,74.2,79.2,75.0,68.3,declining,25.2,6.8,0.7,3.1,Medium,74.175,4.48878231446644
STU0290,57.7,82.2,88.0,79.0,91.0,improving,10.6,9.5,0.3,6.1,Medium,85.05,5.441507144165116
STU0291,100.0,93.7,85.7,87.9,86.4,stable,5.0,9.4,0.2,6.4,Low,88.42500000000001,3.6344417269598175
STU0292,90.8,66.2,62.7,67.8,65.2,improving,22.8,6.9,2.0,6.0,Low,65.475,2.137560915311341
STU0293,96.1,76.0,75.0,77.8,81.2,improving,18.5,7.5,1.5,6.8,Low,77.5,2.725191124795961
STU0294,59.0,82.1,66.0,76.3,69.5,stable,27.5,7.1,0.8,8.6,Low,73.475,7.165833284878083
STU0295,76.0,71.1,77.3,77.2,71.3,stable,5.0,6.6,2.0,1.2,Medium,74.225,3.494161797436788
STU0296,69.4,61.1,68.5,59.3,66.3,declining,25.7,7.2,0.3,6.7,Low,63.8,4.315862215903871
STU0297,58.7,71.3,59.2,66.1,57.8,stable,24.2,7.0,2.3,5.0,Medium,63.599999999999994,6.285963198534757
STU0298,63.0,65.0,70.1,72.3,65.6,stable,29.5,8.2,0.4,5.6,Low,68.25,3.5312887166019147
STU0299,98.4,68.1,72.6,74.3,72.2,improving,17.8,4.8,1.0,3.9,Medium,71.8,2.6293218390553372
STU0300,95.7,46.8,60.8,58.9,63.5,stable,22.4,8.5,0.3,5.6,Low,57.5,7.378798456840157
STU0301,91.8,86.5,88.4,86.1,80.6,declining,6.2,10.2,0.3,5.5,Medium,85.4,3.353605025441531
STU0302,69.2,86.0,78.2,85.8,87.6,stable,22.6,7.1,2.6,2.8,Medium,84.4,4.2110964526276655
STU0303,54.6,71.9,73.2,77.2,77.5,improving,31.5,4.2,0.2,9.0,Medium,74.95,2.824299323136033
STU0304,87.8,65.1,54.6,56.5,55.4,declining,13.6,8.4,0.5,6.5,Medium,57.9,4.862783839187862
STU0305,74.0,90.9,84.6,86.0,88.2,improving,29.5,9.2,2.9,5.2,Low,87.425,2.750000000000005
STU0306,100.0,73.1,69.7,55.6,50.0,declining,25.7,6.4,0.5,7.6,Medium,62.1,11.066767067817652
STU0307,95.8,79.3,84.0,89.9,90.3,improving,24.9,11.6,0.1,2.7,Medium,85.875,5.244918175402423
STU0308,61.6,93.3,86.4,86.7,91.6,improving,22.2,9.1,5.4,7.2,Medium,89.5,3.478505426185212
STU0309,90.1,81.7,75.6,87.8,85.5,declining,13.7,6.9,1.0,7.4,Low,82.65,5.330728530573159
STU0310,100.0,70.0,64.7,70.2,68.5,stable,31.5,6.8,1.0,3.5,Medium,68.35,2.54885595251412
STU0311,91.2,86.2,72.2,73.1,79.8,improving,29.4,10.9,0.3,9.2,Low,77.825,6.532164011004829
STU0312,85.0,76.8,75.6,74.4,83.9,stable,21.9,8.0,1.3,9.6,Low,77.675,4.264094276631325
STU0313,64.9,90.0,80.4,72.9,85.0,declining,17.0,7.3,1.5,4.9,Low,82.075,7.265156570921232
STU0314,70.5,95.4,76.0,81.4,88.4,stable,12.2,7.4,0.1,7.7,Low,85.30000000000001,8.432476899859655
STU0315,53.1,67.5,76.4,77.1,82.6,improving,18.3,8.9,0.5,5.6,Low,75.9,6.248733204951756
STU0316,77.1,95.4,95.4,97.1,100.0,stable,15.7,4.8,0.4,10.0,Low,96.975,2.1700614430625356
STU0317,70.5,70.0,79.6,78.6,76.8,improving,28.0,7.9,0.9,9.2,Low,76.25,4.324735059322514
STU0318,72.8,67.8,64.3,67.4,57.5,declining,16.5,7.2,0.9,4.7,Medium,64.25,4.764101874085679
STU0319,100.0,79.8,75.9,85.5,82.2,stable,14.3,8.8,2.8,7.9,Low,80.85,4.043513323831144
STU0320,95.2,50.3,56.6,49.3,46.7,stable,26.8,7.2,1.0,4.9,Medium,50.724999999999994,4.200297608503474
STU0321,82.8,66.3,69.5,62.0,54.3,declining,22.6,9.3,0.4,7.5,Medium,63.025000000000006,6.578436997747516
STU0322,91.7,94.4,81.2,97.6,89.1,stable,24.6,5.5,1.0,8.0,Low,90.57500000000002,7.165833284878085
STU0323,89.4,71.1,68.9,60.4,70.8,improving,15.3,7.9,0.6,6.2,Low,67.8,5.028584956691759
STU0324,77.8,66.6,76.3,64.4,67.0,improving,17.3,7.2,0.7,7.4,Low,68.57499999999999,5.275335692320124
STU0325,100.0,94.7,92.3,100.0,94.9,stable,16.1,8.7,0.1,6.8,Low,95.475,3.23972735478363
STU0326,85.8,70.9,79.8,80.8,80.5,improving,11.9,6.3,0.0,7.2,Low,78.0,4.751841748206685
STU0327,100.0,71.3,80.9,81.1,81.1,declining,12.7,9.2,0.5,6.3,Low,78.6,4.8675798230058165
STU0328,92.4,70.2,65.8,86.1,68.4,stable,9.5,8.3,1.8,6.3,Low,72.625,9.163105368814655
STU0329,64.4,65.0,71.4,61.2,70.0,declining,29.6,7.9,1.6,5.4,Low,66.9,4.68899420629485
STU0330,100.0,66.2,76.0,73.3,73.2,declining,13.4,6.0,0.2,6.4,Medium,72.175,4.189172551550802
STU0331,67.4,56.0,66.6,74.9,60.5,stable,10.6,7.9,0.6,10.0,Medium,64.5,8.181686867633108
STU0332,95.2,88.9,100.0,93.8,90.8,improving,23.5,8.4,1.6,10.0,Low,93.375,4.855495168706619
STU0333,100.0,77.9,74.8,84.9,66.5,declining,5.2,7.7,0.0,3.3,Medium,76.025,7.626871355062094
STU0334,94.6,77.3,74.2,80.4,86.9,improving,37.0,8.4,2.3,2.0,Medium,79.7,5.426478293208836
STU0335,100.0,83.6,79.2,85.1,75.1,stable,21.2,8.7,0.2,5.3,Low,80.75,4.522904671410471
STU0336,72.8,61.3,56.8,71.9,57.0,declining,21.6,5.3,0.3,7.2,Medium,61.75,7.077899876846714
STU0337,79.1,96.1,97.3,92.9,100.0,improving,35.2,8.6,1.1,5.1,Low,96.57499999999999,2.943212530552285
STU0338,90.0,85.9,86.7,89.2,93.1,improving,29.2,5.8,1.4,8.5,Low,88.725,3.2376689145124105
STU0339,100.0,68.0,64.1,66.2,55.7,declining,26.1,9.1,3.4,5.0,Medium,63.5,5.438749856354858
STU0340,100.0,74.6,68.3,58.9,60.7,declining,5.8,9.4,0.3,8.5,Low,65.625,7.23849662107632
STU0341,75.5,62.1,64.0,72.3,64.1,improving,7.9,5.8,0.1,5.0,Medium,65.625,4.5441354146489354
STU0342,72.8,69.1,72.8,78.2,71.8,stable,23.4,8.0,1.1,7.3,Low,72.975,3.817830972336696
STU0343,53.7,69.8,75.2,80.0,72.0,stable,19.0,8.0,1.1,8.5,Low,74.25,4.428317965096907
STU0344,82.9,82.6,82.9,77.3,85.1,stable,29.2,8.3,0.2,6.3,Low,81.975,3.3099597177810685
STU0345,82.7,72.0,77.0,71.4,66.1,declining,9.2,7.8,1.3,10.0,Low,71.625,4.4574843428403295
STU0346,100.0,76.9,74.7,79.2,80.0,stable,27.5,6.0,2.1,9.8,Low,77.7,2.393045479439674
STU0347,90.0,67.6,66.2,56.4,65.2,declining,28.0,6.4,0.5,7.8,Low,63.85000000000001,5.063266402893163
STU0348,63.5,66.8,57.8,74.1,67.5,declining,28.4,5.8,4.1,7.0,Medium,66.55,6.69651650735913
STU0349,83.4,65.4,81.9,80.2,71.3,stable,24.1,6.8,1.0,4.6,Low,74.7,7.7489784272939275
STU0350,97.9,45.7,52.3,37.5,43.8,declining,20.2,7.2,0.1,8.2,Medium,44.825,6.092276531259339
STU0351,64.8,75.7,78.7,78.0,77.9,improving,19.0,8.6,0.1,2.6,Medium,77.575,1.2996794476587934
STU0352,100.0,69.4,76.3,74.5,73.9,stable,28.7,10.4,0.7,5.8,Low,73.525,2.9330018752124896
STU0353,84.7,77.0,65.6,73.2,67.0,declining,8.6,6.7,1.7,9.0,Low,70.7,5.342908072077106
STU0354,73.3,68.2,75.2,69.4,74.7,improving,6.7,8.9,2.4,6.4,Low,71.875,3.5901485577433507
STU0355,83.7,51.0,53.0,55.6,59.8,improving,16.9,7.9,1.0,7.4,Medium,54.849999999999994,3.7995613781944173
STU0356,93.8,88.0,99.9,94.4,92.8,improving,12.9,6.2,0.5,4.1,Low,93.775,4.906033700115266
STU0357,87.4,60.3,58.3,70.1,62.9,stable,26.3,9.5,0.2,5.3,Low,62.9,5.156226010045201
STU0358,66.0,69.0,79.3,84.0,86.8,improving,18.9,8.1,0.1,5.9,Low,79.775,7.821498151462629
STU0359,87.7,80.5,67.2,72.6,72.9,stable,22.2,8.8,1.7,6.6,Low,73.3,5.468089245796926
STU0360,100.0,60.6,67.2,58.3,59.5,declining,29.5,7.1,0.3,6.3,Medium,61.400000000000006,3.9791121287711095
STU0361,64.4,79.9,91.8,82.4,87.5,stable,31.3,7.3,0.2,9.6,Low,85.4,5.3109948848277595
STU0362,79.5,63.2,60.9,57.0,61.2,stable,17.9,5.9,0.4,6.9,Low,60.575,2.592778432492836
STU0363,100.0,85.9,90.3,75.8,76.0,stable,18.0,8.4,0.5,5.5,Low,82.0,7.269571284929165
STU0364,99.3,90.1,89.7,84.6,98.6,improving,13.3,7.3,0.4,8.6,Low,90.75,5.8014366036928005
STU0365,93.0,75.9,69.1,75.9,68.3,declining,15.7,9.1,0.6,6.2,Low,72.3,4.169732205629843
STU0366,100.0,88.6,83.4,90.5,84.4,stable,15.4,6.7,1.4,10.0,Low,86.725,3.377745796632221
STU0367,63.9,91.7,100.0,91.0,91.6,improving,19.1,10.0,0.2,6.8,Low,93.57499999999999,4.294473192371795
STU0368,99.2,78.2,71.4,78.7,67.3,declining,18.8,8.6,1.8,4.6,Low,73.9,5.5178498227721535
STU0369,87.6,70.8,66.5,53.9,67.5,stable,15.4,7.8,2.3,6.3,Low,64.67500000000001,7.414568991744114
STU0370,90.7,71.4,69.1,60.8,63.5,declining,17.0,7.6,1.9,6.7,Low,66.2,4.895576234384129
STU0371,65.8,75.8,85.4,72.4,82.8,improving,25.0,4.7,2.0,5.5,Medium,79.1,6.032136161151095
STU0372,85.7,99.7,96.1,96.4,100.0,improving,30.0,5.8,0.5,7.7,Low,98.05000000000001,2.085665361461422
STU0373,86.3,78.9,79.1,72.1,80.4,stable,28.9,9.8,0.9,10.0,Low,77.625,3.742882133686111
STU0374,88.6,55.4,65.2,72.3,71.1,improving,13.4,6.4,0.3,10.0,Low,66.0,7.7179444586409565
STU0375,96.3,55.3,59.3,61.2,51.0,stable,19.8,6.7,0.4,10.0,Medium,56.7,4.52621990922521
STU0376,72.0,78.5,90.6,80.5,78.1,stable,7.2,6.4,0.1,6.7,Low,81.925,5.877853916751134
STU0377,94.5,80.0,74.3,76.7,74.7,improving,29.4,7.2,0.3,6.0,Low,76.425,2.6043233286210836
STU0378,100.0,65.0,63.9,62.5,64.7,declining,13.5,7.8,3.4,6.3,Medium,64.025,1.117661248619933
STU0379,97.0,89.3,100.0,100.0,98.4,improving,12.3,5.8,2.6,7.0,Medium,96.92500000000001,5.138984984086516
STU0380,88.1,69.9,60.3,56.0,61.1,declining,29.2,6.1,0.0,7.1,Low,61.824999999999996,5.83059459517924
STU0381,90.9,75.1,71.3,74.6,77.5,stable,21.8,6.0,1.5,8.9,Low,74.625,2.5526130402654723
STU0382,96.2,74.0,70.6,68.8,76.4,stable,29.0,6.1,1.4,5.8,Low,72.44999999999999,3.403429642777027
STU0383,82.8,59.2,58.4,53.8,59.1,stable,17.7,7.0,1.5,10.0,Medium,57.62499999999999,2.574716812907136
STU0384,100.0,54.8,56.3,51.6,54.9,stable,26.1,7.2,2.7,7.3,Medium,54.4,1.9882991056008967
STU0385,100.0,59.5,57.9,69.1,67.9,stable,25.2,8.7,0.1,4.0,Medium,63.6,5.716642371182581
STU0386,100.0,71.6,73.3,64.7,72.5,stable,18.5,6.5,1.4,4.8,Low,70.52499999999999,3.944933459514872
STU0387,62.0,84.4,90.3,83.9,81.0,declining,9.8,7.4,0.4,5.8,Medium,84.9,3.8995726261561856
STU0388,99.4,76.7,86.0,84.6,90.1,improving,14.6,7.7,0.0,1.8,Medium,84.35,5.608624311421352
STU0389,100.0,88.5,89.5,92.0,80.1,improving,22.0,8.2,0.9,7.8,Low,87.525,5.164219850729314
STU0390,62.2,63.0,70.3,71.9,59.1,declining,30.6,7.1,1.8,7.6,Medium,66.075,6.0522034554917825
STU0391,86.3,59.2,69.1,74.2,68.0,stable,12.4,6.6,0.1,9.0,Low,67.625,6.232375149170659
STU0392,61.9,69.1,74.2,73.0,69.2,improving,19.5,7.4,1.2,9.0,Low,71.375,2.615817271905668
STU0393,77.4,79.3,76.2,77.2,95.5,improving,18.7,8.9,0.8,2.2,Medium,82.05,9.059249417032296
STU0394,100.0,62.2,70.1,72.8,61.3,stable,17.0,5.0,0.3,8.2,Low,66.60000000000001,5.719557092409631
STU0395,75.6,77.1,74.2,73.6,84.5,improving,15.4,7.1,0.4,8.6,Low,77.35,5.005663459189668
STU0396,85.7,61.2,58.7,54.2,69.9,improving,27.2,10.5,0.5,10.0,Low,61.00000000000001,6.602524769611497
STU0397,100.0,76.2,67.3,75.7,84.6,stable,30.3,6.6,0.2,3.9,Medium,75.94999999999999,7.06564458017337
STU0398,100.0,59.5,61.0,64.0,60.6,declining,15.6,6.4,0.7,5.6,Low,61.275,1.9241881404893855
STU0399,100.0,75.0,75.0,75.9,69.6,declining,33.1,8.4,0.5,6.8,Low,73.875,2.881405906844786
STU0400,100.0,66.7,66.4,65.9,64.7,improving,15.2,10.4,0.3,7.5,Low,65.92500000000001,0.8808140174482546
STU0401,77.1,71.2,59.7,62.6,62.7,declining,9.4,4.3,0.9,9.3,Medium,64.05,4.965547972446411
STU0402,73.3,85.7,85.5,81.4,80.6,stable,25.5,7.3,0.2,9.4,Low,83.3,2.6770630673681697
STU0403,62.1,83.2,79.7,77.3,75.7,declining,33.2,6.4,0.2,4.4,Low,78.975,3.26126253670773
STU0404,75.5,64.7,57.3,60.6,74.7,improving,20.3,7.7,0.4,7.2,Low,64.325,7.5500000000000025
STU0405,100.0,57.1,63.1,75.0,75.5,improving,27.5,6.6,0.3,10.0,Low,67.675,9.085657195088679
STU0406,95.2,65.2,73.1,78.8,70.0,stable,5.9,8.8,2.2,3.4,Medium,71.775,5.700511672940711
STU0407,100.0,82.7,90.1,88.6,79.8,declining,10.8,6.2,0.6,7.8,Low,85.3,4.862783839187862
STU0408,88.4,80.5,80.1,83.6,87.3,stable,23.6,10.3,0.6,9.0,Low,82.875,3.3390367872586646
STU0409,85.5,69.1,65.7,71.7,60.7,stable,23.2,6.3,1.6,2.3,Medium,66.8,4.7511402140258205
STU0410,89.4,91.5,97.5,100.0,93.4,stable,15.1,8.4,0.9,6.7,Low,95.6,3.856596081174865
STU0411,97.3,77.6,88.9,79.2,94.3,improving,22.6,7.3,0.0,9.2,Low,85.0,7.960318251594384
STU0412,92.3,89.8,86.2,80.1,81.7,stable,19.4,9.1,1.2,6.1,Low,84.45,4.4034077712608
STU0413,84.1,70.2,64.0,55.4,65.5,declining,14.0,7.6,3.6,6.3,Medium,63.775,6.176501167057826
STU0414,100.0,47.4,47.9,57.4,49.0,stable,17.0,7.0,0.9,7.2,Medium,50.425,4.697783165139347
STU0415,51.5,64.2,63.8,60.9,57.6,improving,22.5,5.1,0.2,8.1,High,61.625,3.0598202561588477
STU0416,55.9,76.0,78.8,74.2,67.4,declining,22.7,6.8,0.1,6.0,Low,74.1,4.851116709927035
STU0417,89.4,89.0,87.5,89.8,99.5,improving,28.8,4.9,0.3,9.4,Low,91.45,5.450688029964658
STU0418,97.6,100.0,93.1,97.8,100.0,improving,13.6,5.8,0.1,7.9,Medium,97.725,3.253075467922627
STU0419,100.0,81.8,83.1,81.4,80.5,stable,27.2,5.4,0.4,4.6,Low,81.69999999999999,1.0801234497346404
STU0420,72.3,82.6,86.2,83.8,83.6,improving,17.0,7.5,2.4,10.0,Low,84.05000000000001,1.5264337522473785
STU0421,70.6,83.3,78.5,92.3,89.7,improving,15.9,4.7,0.5,5.1,Low,85.95,6.2425956140054435
STU0422,61.2,63.5,64.0,60.0,62.9,stable,14.1,7.4,2.9,8.0,Medium,62.6,1.7907168024751057
STU0423,100.0,62.3,65.7,75.9,69.4,improving,10.9,8.3,0.1,6.0,Low,68.325,5.823157791668255
STU0424,92.4,96.1,90.9,93.1,90.6,stable,19.1,9.3,4.8,7.5,Low,92.67500000000001,2.5408331966764997
STU0425,71.8,74.6,84.0,79.1,80.7,stable,21.0,7.6,0.5,4.9,Low,79.6,3.908111223255213
STU0426,57.7,91.5,95.1,93.9,90.0,stable,26.8,7.3,2.4,6.5,Low,92.625,2.30271578793389
STU0427,97.6,98.2,85.8,96.3,95.4,improving,25.6,5.7,0.5,5.2,Low,93.92500000000001,5.540983667184016
STU0428,96.9,74.3,73.8,73.0,78.3,stable,20.6,7.5,1.6,8.7,Low,74.85,2.3614967005411343
STU0429,80.5,68.8,78.9,73.8,73.7,improving,20.2,7.7,0.5,5.9,Low,73.8,4.123913998456648
STU0430,88.1,78.4,89.5,83.3,92.2,stable,16.3,6.3,0.4,8.1,Low,85.85,6.208864630510154
STU0431,87.9,67.6,64.9,69.6,60.3,declining,31.0,7.0,0.9,6.6,Low,65.6,4.024094100954066
STU0432,100.0,88.9,76.7,75.0,72.0,declining,29.2,5.6,3.2,7.0,Medium,78.15,7.425406835094405
STU0433,77.3,85.6,100.0,94.2,97.5,improving,33.2,6.6,0.6,5.2,Low,94.325,6.2829796540601155
STU0434,90.3,91.0,89.9,82.1,89.2,improving,29.6,8.4,1.1,6.2,Low,88.05,4.035261247222212
STU0435,41.3,62.9,78.8,74.2,77.1,improving,40.0,6.6,2.5,6.5,Low,73.25,7.156582051976115
STU0436,94.6,95.0,84.1,76.0,82.3,declining,18.6,8.1,0.8,6.7,Low,84.35,7.903796556086196
STU0437,100.0,80.0,84.8,83.5,100.0,improving,14.5,8.5,0.2,8.4,Low,87.075,8.851883038841699
STU0438,75.4,79.7,63.2,72.2,60.8,declining,21.6,5.6,1.3,8.5,Low,68.97500000000001,8.671937499774778
STU0439,100.0,76.1,78.0,86.4,87.6,stable,14.6,6.4,0.3,4.1,Low,82.025,5.817430704357381
STU0440,83.8,69.4,64.7,65.5,64.3,declining,15.9,6.8,1.0,7.2,Low,65.97500000000001,2.3371991785040516
STU0441,63.3,63.1,71.3,64.5,68.0,stable,19.3,9.8,2.3,5.8,Low,66.725,3.680919269240587
STU0442,91.1,84.7,85.6,81.0,98.3,improving,27.8,7.6,2.7,6.5,Low,87.4,7.534365710971737
STU0443,92.8,76.9,99.6,87.1,93.1,improving,20.3,10.5,1.4,4.6,Low,89.17500000000001,9.644817261099348
STU0444,69.3,76.9,69.1,76.3,74.6,stable,24.5,7.8,0.3,5.7,Low,74.225,3.5528157846981068
STU0445,92.4,64.7,80.8,77.4,82.1,stable,36.0,10.5,0.1,9.2,Low,76.25,7.950890935402563
STU0446,81.5,70.4,74.4,69.1,73.7,stable,13.5,9.3,0.3,5.8,Low,71.9,2.554734167514633
STU0447,95.0,63.6,67.4,61.3,57.2,stable,24.0,6.2,1.4,7.0,Medium,62.375,4.269562819149835
STU0448,94.7,63.3,66.6,57.6,40.9,declining,13.5,9.3,1.8,6.9,Medium,57.099999999999994,11.421908772179892
STU0449,70.3,48.6,56.2,51.8,57.4,declining,14.1,7.0,0.3,6.8,Medium,53.50000000000001,4.0579140782755205
STU0450,82.7,69.3,73.4,71.0,80.4,declining,34.7,6.4,3.4,2.9,Medium,73.525,4.882195544356388
STU0451,74.4,71.0,63.8,70.4,64.4,improving,19.5,7.0,1.5,8.5,Low,67.4,3.826225293941799
STU0452,94.9,53.8,58.1,63.9,62.2,improving,26.9,6.1,2.4,9.3,Low,59.5,4.512944345620348
STU0453,82.2,74.8,68.4,58.9,67.1,declining,28.1,9.4,4.5,8.7,Low,67.3,6.533503399147096
STU0454,93.8,64.2,55.1,54.8,51.0,declining,8.4,7.9,0.1,10.0,Medium,56.275000000000006,5.603198491338081
STU0455,82.9,81.1,88.9,77.8,80.4,stable,22.4,8.1,0.2,1.8,Medium,82.05000000000001,4.7822588804873405
STU0456,93.0,99.2,93.3,94.8,89.1,declining,23.3,7.1,0.4,7.5,Low,94.1,4.16893271713517
STU0457,64.7,57.3,70.6,71.5,76.9,improving,20.4,9.4,0.7,4.5,Low,69.07499999999999,8.328415215393626
STU0458,75.9,70.3,71.8,70.1,72.2,declining,24.9,6.4,0.2,6.2,Low,71.1,1.0551461194229639
STU0459,100.0,85.8,86.9,82.6,81.8,stable,16.6,8.2,0.1,5.5,Low,84.27499999999999,2.4595053703268643
STU0460,88.4,96.3,90.0,88.7,99.1,improving,14.7,7.1,0.4,5.1,Low,93.525,4.982887382498889
STU0461,94.1,76.8,78.5,89.6,87.5,improving,12.8,8.4,0.5,7.5,Low,83.1,6.3890531379853135
STU0462,77.2,71.4,63.3,65.0,56.7,declining,11.0,8.1,1.1,9.0,Medium,64.1,6.041522986797287
STU0463,89.6,85.9,93.5,94.9,96.0,stable,19.4,6.2,0.2,9.2,Low,92.575,4.566088771220579
STU0464,100.0,58.7,51.3,51.7,52.2,stable,21.5,8.1,0.1,7.0,Medium,53.474999999999994,3.502737025051506
STU0465,64.0,93.9,86.8,72.5,80.8,declining,28.2,6.9,0.2,7.5,Low,83.5,9.080014684275941
STU0466,96.8,94.4,96.8,94.5,97.9,improving,19.4,5.8,0.5,6.7,Low,95.9,1.733974240485327
STU0467,89.6,72.1,77.9,74.9,71.7,stable,28.3,6.5,0.6,10.0,Low,74.15,2.876919648976434
STU0468,69.9,61.8,72.4,57.0,63.6,declining,29.1,10.6,0.3,7.6,Medium,63.699999999999996,6.434283176858168
STU0469,82.8,87.2,82.7,78.3,76.2,stable,40.0,8.4,0.4,6.8,Low,81.1,4.886034520276473
STU0470,75.1,82.4,86.2,95.6,80.5,improving,20.4,6.4,0.2,8.0,Low,86.17500000000001,6.71534312848817
STU0471,80.0,65.8,67.5,61.5,71.2,improving,18.6,7.0,3.9,10.0,Low,66.5,4.02409410095407
STU0472,85.1,83.1,90.3,89.0,90.5,improving,24.0,8.5,1.1,6.9,Low,88.225,3.4807805638007903
STU0473,74.0,64.1,70.0,71.3,87.7,improving,20.1,5.6,1.8,4.5,Low,73.27499999999999,10.1141402666432
STU0474,96.0,90.2,88.7,92.1,85.2,stable,20.2,7.1,1.0,3.8,Medium,89.05,2.9194748386196645
STU0475,90.7,89.0,95.9,100.0,96.6,improving,19.9,4.8,0.4,9.2,Low,95.375,4.611850676969785
STU0476,95.9,76.9,75.5,82.8,81.8,improving,5.0,8.9,0.5,6.2,Low,79.25,3.5911929308610873
STU0477,64.9,70.4,68.8,67.2,63.7,declining,14.5,7.4,0.3,4.6,Medium,67.52499999999999,2.8651643350193137
STU0478,94.1,65.0,80.5,73.2,81.5,stable,36.4,4.9,0.0,7.4,Low,75.05,7.653539486189816
STU0479,100.0,80.9,84.4,90.6,85.5,stable,25.0,7.1,0.2,4.2,Low,85.35,4.012065137390795
STU0480,83.3,92.3,97.6,98.7,100.0,improving,15.2,7.6,0.1,5.7,Low,97.14999999999999,3.378855822118884
STU0481,92.5,85.5,89.3,85.7,80.2,stable,22.0,6.0,0.7,6.9,Low,85.175,3.74822180062315
STU0482,83.0,61.6,60.7,62.7,49.3,declining,6.7,7.0,0.0,5.1,Medium,58.575,6.23718686588754
STU0483,74.7,83.6,81.7,90.8,93.2,improving,17.3,7.7,1.5,7.8,Low,87.325,5.540983667184014
STU0484,61.3,79.8,77.3,76.7,82.7,stable,15.0,6.9,1.8,9.1,Low,79.125,2.735415873317987
STU0485,86.9,88.1,78.2,83.6,89.0,stable,10.2,8.1,1.6,5.3,Low,84.725,4.949999999999998
STU0486,87.1,91.5,69.2,77.5,95.6,improving,25.2,6.2,0.1,9.8,Low,83.44999999999999,12.259554097383257
STU0487,68.1,63.6,72.6,80.2,70.3,improving,5.0,9.1,0.5,6.8,Medium,71.675,6.846592826606043
STU0488,88.3,72.9,71.2,68.2,80.1,stable,21.4,7.9,0.5,5.8,Low,73.1,5.055030497764904
STU0489,84.4,69.5,79.8,70.2,69.0,improving,23.5,8.4,0.3,6.3,Low,72.125,5.140282093426389
STU0490,87.2,71.8,57.4,70.0,62.4,declining,31.1,8.6,0.4,7.1,Low,65.39999999999999,6.711184694225007
STU0491,92.6,76.4,85.8,84.8,75.0,improving,15.4,8.0,0.5,10.0,Low,80.5,5.586889414811546
STU0492,78.6,66.3,66.9,73.4,60.6,stable,33.3,8.1,0.7,5.3,Low,66.8,5.236410984634421
STU0493,100.0,57.0,61.9,68.9,59.5,stable,19.8,9.7,2.3,5.8,Medium,61.825,5.123394057328277
STU0494,97.3,63.5,61.4,69.5,64.7,improving,14.6,5.2,0.4,6.0,Medium,64.775,3.4325646388669804
STU0495,73.9,59.0,63.1,67.2,64.3,declining,13.9,9.3,1.4,9.2,Low,63.400000000000006,3.4009802508492566
STU0496,65.0,71.1,76.1,65.4,64.1,declining,17.0,9.2,0.0,4.8,Low,69.175,5.5277331098139415
STU0497,66.1,61.7,50.9,55.7,59.1,declining,26.6,9.3,0.4,5.8,Medium,56.85,4.665833258915283
STU0498,100.0,84.4,78.2,68.8,86.2,declining,24.5,8.6,1.7,5.0,Low,79.4,7.853661566428747
STU0499,100.0,66.9,74.7,83.3,76.7,improving,35.3,5.3,0.1,5.7,Low,75.4,6.753764382426536
STU0500,62.3,71.3,67.5,70.1,75.7,stable,20.7,7.8,2.0,5.1,Low,71.15,3.4229616805723486
